usuario,categoria,tiene_ct0,tiene_password,tiene_totp,intentos_reportar_12h,ultimo_estado,ultimo_detalle,ultima_fecha
_Campos_7,SIN_DATOS,no,si,si,0,,,
07e26f36737341a,VIVA,si,si,si,3,exito,,2026-09-25 21:29:43.308910
1996_t_e_s_h_a,VIVA,si,si,si,3,exito,,2026-09-25 21:29:52.679874
3ranuii97,SIN_DATOS,no,si,no,0,,,
AisHiteRuFatfiE,VIVA,si,si,no,3,exito,,2026-09-25 21:30:12.853686
arbih287qv357,VIVA,si,si,si,3,exito,,2026-09-25 21:29:47.109871
au344m1ltual0a7,VIVA,si,si,si,2,fallido,❌ @au344m1ltual0a7: motivo 'sensitive' no encontrado entre las opciones VISIBLES del reporte de post: ,2026-09-25 21:30:26.662090
b4184z2p7ffea,VIVA,si,si,si,2,fallido,❌ @b4184z2p7ffea: X pidió verificación anti-bot (Cloudflare); sesión no confirmada,2026-09-25 21:30:19.660147
b6u517wjtn3tf5u,VIVA,si,si,si,2,fallido,❌ @b6u517wjtn3tf5u: motivo 'sensitive' no encontrado entre las opciones VISIBLES del reporte de post: ,2026-09-25 21:30:47.252492
BAMsugar96,SIN_DATOS,no,si,si,0,,,
benlindsey10,VIVA,si,si,si,2,fallido,❌ @benlindsey10: motivo 'sensitive' no encontrado entre las opciones VISIBLES del reporte de post: ,2026-09-25 21:31:06.689365
bh509261,VIVA,si,si,si,2,fallido,❌ @bh509261: motivo 'sensitive' no encontrado entre las opciones VISIBLES del reporte de post: ,2026-09-25 21:31:10.105633
BrujaC0smica,VIVA,si,si,si,2,exito,,2026-09-25 21:30:54.942553
btax4da9q5198,VIVA,si,si,si,5,fallido,❌ @btax4da9q5198: motivo 'sensitive' no encontrado entre las opciones VISIBLES del reporte de post: ,2026-09-25 21:31:28.273174
BuchholzLacey,SIN_DATOS,no,si,si,0,,,
c02it8uyr278,VIVA,si,si,si,2,fallido,❌ @c02it8uyr278: motivo 'sensitive' no encontrado entre las opciones VISIBLES del reporte de post: ,2026-09-25 21:31:33.574952
c0312zssc10,VIVA,si,si,si,4,exito,,2026-09-25 21:31:44.178519
c7x7t13ozd5sn5,VIVA,si,si,si,2,fallido,❌ @c7x7t13ozd5sn5: motivo 'sensitive' no encontrado entre las opciones VISIBLES del reporte de post: ,2026-09-25 21:32:00.828525
camryn_riggs,VIVA,si,si,si,3,fallido,❌ @camryn_riggs: motivo 'sensitive' no encontrado entre las opciones VISIBLES del reporte de post: ,2026-09-25 21:32:19.236242
ciudadnaran,VIVA,si,si,si,2,exito,,2026-09-25 21:32:27.193311
cjs0q7r10vn89,VIVA,si,si,si,2,exito,,2026-09-25 21:32:51.183373
Codesido12,VIVA,si,si,si,2,fallido,❌ @Codesido12: motivo 'sensitive' no encontrado entre las opciones VISIBLES del reporte de post: ,2026-09-25 21:32:43.854158
CoraliaQuezada,VIVA,si,si,no,2,exito,,2026-09-25 21:32:49.136133
d92n4o8ruqj48w,VIVA,si,si,si,2,fallido,❌ @d92n4o8ruqj48w: X pidió verificación anti-bot (Cloudflare); sesión no confirmada,2026-09-25 21:33:07.437151
dayanalolita2,VIVA,si,si,si,5,fallido,❌ @dayanalolita2: motivo 'sensitive' no encontrado entre las opciones VISIBLES del reporte de post: ,2026-09-25 21:33:13.715021
dbukj5nlt0705f1,VIVA,si,si,si,2,exito,,2026-09-25 21:33:29.810929
dt5ywdt4w4707,VIVA,si,si,si,5,fallido,❌ @dt5ywdt4w4707: motivo 'sensitive' no encontrado entre las opciones VISIBLES del reporte de post: ,2026-09-25 21:33:28.256061
dx5hm2b3iu58h9,VIVA,si,si,si,4,exito,,2026-09-25 21:33:25.793649
e01c2ztx5hc87d,SIN_CONFIRMAR,no,si,si,2,fallido,❌ @e01c2ztx5hc87d: X pidió verificación anti-bot (Cloudflare); sesión no confirmada,2026-09-25 21:33:41.550974
e1iu450l62,VIVA,si,si,si,2,exito,,2026-09-25 21:33:42.088405
e4d0h93wvn6sh0,VIVA,si,si,si,2,fallido,❌ @e4d0h93wvn6sh0: motivo 'sensitive' no encontrado entre las opciones VISIBLES del reporte de post: ,2026-09-25 21:34:01.742110
e4r8l7z482fpxx,VIVA,si,si,si,2,exito,,2026-09-25 21:34:23.216184
e7ls969n75,VIVA,si,si,si,2,fallido,❌ @e7ls969n75: motivo 'sensitive' no encontrado entre las opciones VISIBLES del reporte de post: ,2026-09-25 21:34:06.737675
eduardolopij,VIVA,si,si,si,2,fallido,❌ @eduardolopij: motivo 'sensitive' no encontrado entre las opciones VISIBLES del reporte de post: ,2026-09-25 21:34:26.490254
eg74qs5921j,VIVA,si,si,si,2,exito,,2026-09-25 21:34:38.773615
EmilyTaniaf3,VIVA,si,si,si,2,exito,,2026-09-25 21:34:28.794950
epyputra,VIVA,si,si,no,2,exito,,2026-09-25 21:34:53.259145
estybaby8,SIN_DATOS,no,si,si,0,,,
f17i67fd21,VIVA,si,si,si,2,exito,,2026-09-25 21:34:48.783382
f5jijjv52009c,VIVA,si,si,si,2,fallido,❌ @f5jijjv52009c: motivo 'sensitive' no encontrado entre las opciones VISIBLES del reporte de post: ,2026-09-25 21:35:35.968789
fglp377d4la0e8,VIVA,si,si,si,5,exito,,2026-09-25 21:35:10.864370
fm3wn43ftw348ll,VIVA,si,si,si,2,fallido,❌ @fm3wn43ftw348ll: motivo 'sensitive' no encontrado entre las opciones VISIBLES del reporte de post: ,2026-09-25 21:35:06.750972
FnteCiudadano,VIVA,si,si,si,2,exito,,2026-09-25 21:35:51.736282
fo2s73b9h79s,VIVA,si,si,si,2,fallido,❌ @fo2s73b9h79s: motivo 'sensitive' no encontrado entre las opciones VISIBLES del reporte de post: ,2026-09-25 21:35:39.741044
fq7l31w30rrl5,VIVA,si,si,si,2,fallido,❌ @fq7l31w30rrl5: motivo 'sensitive' no encontrado entre las opciones VISIBLES del reporte de post: ,2026-09-25 21:35:50.941140
fuug02u6070,SIN_CONFIRMAR,no,si,si,4,fallido,❌ @fuug02u6070: X pidió verificación anti-bot (Cloudflare); sesión no confirmada,2026-09-25 21:35:58.920773
g35u13n7k9c,VIVA,si,si,si,4,exito,,2026-09-25 21:36:17.787581
g3q55y482,VIVA,si,si,si,2,exito,,2026-09-25 21:36:33.716382
gadams_gene,SIN_DATOS,no,si,si,0,,,
garvey1887,VIVA,si,si,si,2,exito,,2026-09-25 21:36:46.686019
GestaJaisha,VIVA,si,si,si,2,exito,,2026-09-25 21:37:17.004824
gi43c4mx550,VIVA,si,si,si,2,exito,,2026-09-25 21:36:12.750156
gth58r1k537,SIN_CONFIRMAR,no,si,si,2,fallido,❌ @gth58r1k537: X pidió verificación anti-bot (Cloudflare); sesión no confirmada,2026-09-25 21:37:02.116939
gtorio23,VIVA,si,si,si,2,fallido,❌ @gtorio23: motivo 'sensitive' no encontrado entre las opciones VISIBLES del reporte de post: ,2026-09-25 21:38:09.300612
gx39y9kof97v1,SIN_CONFIRMAR,no,si,si,5,fallido,❌ @gx39y9kof97v1: X pidió verificación anti-bot (Cloudflare); sesión no confirmada,2026-09-25 21:36:19.909941
h7e9b1rq2q1vx7z,SIN_CONFIRMAR,no,si,si,2,fallido,❌ @h7e9b1rq2q1vx7z: X pidió verificación anti-bot (Cloudflare); sesión no confirmada,2026-09-25 21:37:10.104599
h99z9332,VIVA,si,si,si,4,fallido,❌ @h99z9332: X pidió verificación anti-bot (Cloudflare); sesión no confirmada,2026-09-25 21:38:17.603826
HardisonRichard,SIN_DATOS,no,si,si,0,,,
harlenemadriaga,VIVA,si,si,si,2,fallido,❌ @harlenemadriaga: motivo 'sensitive' no encontrado entre las opciones VISIBLES del reporte de post: ,2026-09-25 21:37:56.824828
Harryalexandra3,VIVA,si,si,si,2,fallido,❌ @Harryalexandra3: pagina de error de X (interstitial) al abrir el post (url=https://x.com/SweetyyMauu69/status/2073413321114460472?s=20 ti,2026-09-25 21:39:14.541169
hi_or_hey_5s0s,VIVA,si,si,si,2,fallido,❌ @hi_or_hey_5s0s: motivo 'sensitive' no encontrado entre las opciones VISIBLES del reporte de post: ,2026-09-25 21:36:54.244672
htv7ma798b13,VIVA,si,si,si,4,fallido,❌ @htv7ma798b13: motivo 'sensitive' no encontrado entre las opciones VISIBLES del reporte de post: ,2026-09-25 21:38:10.063054
hy7ephv9v5113,VIVA,si,si,si,4,exito,,2026-09-25 21:39:40.341962
i1x5537li8,VIVA,si,si,si,2,fallido,❌ @i1x5537li8: motivo 'sensitive' no encontrado entre las opciones VISIBLES del reporte de post: ,2026-09-25 21:37:23.352310
i4u97b71s5,VIVA,si,si,si,2,exito,,2026-09-25 21:38:43.971832
i661a6x0tg3,VIVA,si,si,si,2,fallido,❌ @i661a6x0tg3: motivo 'sensitive' no encontrado entre las opciones VISIBLES del reporte de post: ,2026-09-25 21:40:38.779097
i73c2x643,VIVA,si,si,si,2,exito,,2026-09-25 21:37:42.988915
iwst4m45mi7m8h1,VIVA,si,si,si,2,exito,,2026-09-25 21:38:57.804918
j5hg6me3134,VIVA,si,si,si,2,exito,,2026-09-25 21:40:53.850892
j6e95w2b64z,VIVA,si,si,si,2,exito,,2026-09-25 21:37:56.707493
j7862w20k,SIN_CONFIRMAR,no,si,si,3,fallido,❌ @j7862w20k: X pidió verificación anti-bot (Cloudflare); sesión no confirmada,2026-09-25 21:39:07.747046
jenny_hamel,VIVA,si,si,si,2,fallido,❌ @jenny_hamel: motivo 'sensitive' no encontrado entre las opciones VISIBLES del reporte de post: ,2026-09-25 21:41:36.181333
jerielizmarie3,VIVA,si,si,no,2,fallido,❌ @jerielizmarie3: motivo 'sensitive' no encontrado entre las opciones VISIBLES del reporte de post: ,2026-09-25 21:38:40.892263
JessicaJustin18,VIVA,si,si,si,2,fallido,❌ @JessicaJustin18: motivo 'sensitive' no encontrado entre las opciones VISIBLES del reporte de post: ,2026-09-25 21:39:21.634184
juguitodenarnja,SIN_CONFIRMAR,no,si,si,2,fallido,❌ @juguitodenarnja: X pidió verificación anti-bot (Cloudflare); sesión no confirmada,2026-09-25 21:41:46.097084
jz4x33zm776,VIVA,si,si,si,2,fallido,❌ @jz4x33zm776: motivo 'sensitive' no encontrado entre las opciones VISIBLES del reporte de post: ,2026-09-25 21:39:08.426089
k_tringhese,VIVA,si,si,si,5,fallido,❌ @k_tringhese: motivo 'sensitive' no encontrado entre las opciones VISIBLES del reporte de post: ,2026-09-25 21:43:33.695034
k5j1730yu9d,VIVA,si,si,si,2,exito,,2026-09-25 21:39:34.744921
k75768x1,VIVA,si,si,si,2,fallido,❌ @k75768x1: motivo 'sensitive' no encontrado entre las opciones VISIBLES del reporte de post: ,2026-09-25 21:42:27.870960
k7w73c11lw4,VIVA,si,si,si,2,exito,,2026-09-25 21:39:21.952106
k859rh0ooq30e,VIVA,si,si,si,2,exito,,2026-09-25 21:39:50.738031
Kaitlyn26014743,SIN_DATOS,no,si,si,0,,,
krane_dj,VIVA,si,si,si,2,fallido,❌ @krane_dj: motivo 'sensitive' no encontrado entre las opciones VISIBLES del reporte de post: ,2026-09-25 21:40:06.919305
kristy63411720,SIN_DATOS,no,si,si,0,,,
l040563lczg,VIVA,si,si,si,2,exito,,2026-09-25 21:39:35.184223
l5rpv51yq1t34md,VIVA,si,si,si,2,exito,,2026-09-25 21:40:26.024892
lb1jpt53tst815w,VIVA,si,si,si,2,fallido,❌ @lb1jpt53tst815w: X pidió verificación anti-bot (Cloudflare); sesión no confirmada,2026-09-25 21:43:41.218807
lr35a117r8,VIVA,si,si,si,4,fallido,❌ @lr35a117r8: motivo 'sensitive' no encontrado entre las opciones VISIBLES del reporte de post: ,2026-09-25 21:39:53.235148
luisroml76,VIVA,si,si,si,4,fallido,❌ @luisroml76: motivo 'sensitive' no encontrado entre las opciones VISIBLES del reporte de post: ,2026-09-25 21:40:44.429090
LuxuryMachine,SIN_DATOS,no,si,no,0,,,
makmursaleng,VIVA,si,si,si,2,exito,,2026-09-25 21:40:36.483470
mariafrazier5,FALLO_DE_LOGIN,no,si,no,5,fallido,❌ @mariafrazier5: no se pudo iniciar sesion,2026-09-25 21:41:30.296503
marialaurafari,FALLO_DE_LOGIN,no,si,no,2,fallido,❌ @marialaurafari: no se pudo iniciar sesion,2026-09-25 21:44:22.368277
mb9h73288,VIVA,si,si,si,2,fallido,❌ @mb9h73288: motivo 'sensitive' no encontrado entre las opciones VISIBLES del reporte de post: ,2026-09-25 21:40:52.806571
melissaheaslip,VIVA,si,si,no,2,exito,,2026-09-25 21:41:44.859427
MiaSanchezgg2,VIVA,si,si,si,2,fallido,❌ @MiaSanchezgg2: motivo 'sensitive' no encontrado entre las opciones VISIBLES del reporte de post: ,2026-09-25 21:44:38.017131
Mistu_moshow,VIVA,si,si,si,2,fallido,❌ @Mistu_moshow: motivo 'sensitive' no encontrado entre las opciones VISIBLES del reporte de post: ,2026-09-25 21:41:15.449927
ml57gg0p552,VIVA,si,si,si,2,exito,,2026-09-25 21:42:09.129912
MPescadero,VIVA,si,si,si,3,exito,,2026-09-25 21:44:56.752282
muevenaranja,VIVA,si,si,si,2,fallido,❌ @muevenaranja: motivo 'sensitive' no encontrado entre las opciones VISIBLES del reporte de post: ,2026-09-25 21:41:46.131568
mxcityi,VIVA,si,si,si,2,fallido,❌ @mxcityi: motivo 'sensitive' no encontrado entre las opciones VISIBLES del reporte de post: ,2026-09-25 21:42:48.297634
n1tla1152ol7f,VIVA,si,si,si,4,fallido,❌ @n1tla1152ol7f: motivo 'sensitive' no encontrado entre las opciones VISIBLES del reporte de post: ,2026-09-25 21:45:17.713837
n2rc06387,VIVA,si,si,si,2,fallido,❌ @n2rc06387: motivo 'sensitive' no encontrado entre las opciones VISIBLES del reporte de post: ,2026-09-25 21:42:33.445724
Nadya_cahyaa,VIVA,si,si,si,2,exito,,2026-09-25 21:43:02.340285
naranjamecan87,VIVA,si,si,si,2,fallido,❌ @naranjamecan87: motivo 'sensitive' no encontrado entre las opciones VISIBLES del reporte de post: ,2026-09-25 21:45:45.538536
naranjamoldiver,VIVA,si,si,si,2,exito,,2026-09-25 21:43:04.893082
naranjasomos,VIVA,si,si,si,2,fallido,❌ @naranjasomos: motivo 'sensitive' no encontrado entre las opciones VISIBLES del reporte de post: ,2026-09-25 21:43:34.461559
nedynedz,VIVA,si,si,si,5,fallido,❌ @nedynedz: motivo 'sensitive' no encontrado entre las opciones VISIBLES del reporte de post: ,2026-09-25 21:46:32.607272
NeltaSantiago,VIVA,si,si,si,2,exito,,2026-09-25 21:43:19.235252
neriepalma,VIVA,si,si,no,2,fallido,❌ @neriepalma: motivo 'sensitive' no encontrado entre las opciones VISIBLES del reporte de post: ,2026-09-25 21:44:06.747286
Ninadav06829701,VIVA,si,si,si,2,exito,,2026-09-25 21:46:47.448440
nvomovimiento,VIVA,si,si,si,2,fallido,❌ @nvomovimiento: motivo 'sensitive' no encontrado entre las opciones VISIBLES del reporte de post: ,2026-09-25 21:43:45.327564
o0k75337,VIVA,si,si,si,2,exito,,2026-09-25 21:44:21.353311
o0qma7dy9562,VIVA,si,si,si,2,fallido,❌ @o0qma7dy9562: X pidió verificación anti-bot (Cloudflare); sesión no confirmada,2026-09-25 21:47:00.469652
o3z18k186,VIVA,si,si,si,2,fallido,❌ @o3z18k186: no se encontro el tweet a reportar (url=https://x.com/SweetyyMauu69/status/2073413321114460472?s=20 title=(2) Sweety Mauu on X,2026-09-25 21:44:48.415721
o7270e47,SIN_CONFIRMAR,no,si,si,2,fallido,❌ @o7270e47: X pidió verificación anti-bot (Cloudflare); sesión no confirmada,2026-09-25 21:44:28.004829
ob181jif05jgrv3,VIVA,si,si,si,2,fallido,❌ @ob181jif05jgrv3: motivo 'sensitive' no encontrado entre las opciones VISIBLES del reporte de post: ,2026-09-25 21:48:15.615626
odiseohernan32,VIVA,si,si,si,2,fallido,❌ @odiseohernan32: motivo 'sensitive' no encontrado entre las opciones VISIBLES del reporte de post: ,2026-09-25 21:45:35.871676
ogkxkt57w31e63,VIVA,si,si,si,1,fallido,❌ @ogkxkt57w31e63: X pidió verificación anti-bot (Cloudflare); sesión no confirmada,2026-09-25 21:44:45.010527
okarundebulma,VIVA,si,si,si,2,fallido,❌ @okarundebulma: motivo 'sensitive' no encontrado entre las opciones VISIBLES del reporte de post: ,2026-09-25 21:48:36.815033
onoqx96a8sw8w43,VIVA,si,si,si,1,fallido,❌ @onoqx96a8sw8w43: X pidió verificación anti-bot (Cloudflare); sesión no confirmada,2026-09-25 21:45:43.022209
p32fi6r956,VIVA,si,si,si,2,exito,,2026-09-25 21:45:00.453577
p4hvv2i2jr606qk,VIVA,si,si,si,1,exito,,2026-09-25 21:48:49.368024
p7wi882f1q9,VIVA,si,si,si,2,fallido,❌ @p7wi882f1q9: motivo 'sensitive' no encontrado entre las opciones VISIBLES del reporte de post: ,2026-09-25 21:46:38.241384
p8b33fj5t4gx4,VIVA,si,si,si,2,fallido,❌ @p8b33fj5t4gx4: pagina de error de X (interstitial) al abrir el post (url=https://x.com/SweetyyMauu69/status/2073413321114460472?s=20 titl,2026-09-25 21:48:38.690762
PinkLipStick16,SIN_DATOS,no,si,no,0,,,
pu165d5d76,VIVA,si,si,si,1,exito,,2026-09-25 21:46:52.066591
pueblounico,VIVA,si,si,si,2,fallido,❌ @pueblounico: motivo 'sensitive' no encontrado entre las opciones VISIBLES del reporte de post: ,2026-09-25 21:49:30.858153
q0o4x54yt64,VIVA,si,si,si,1,fallido,❌ @q0o4x54yt64: X pidió verificación anti-bot (Cloudflare); sesión no confirmada,2026-09-25 21:48:57.113348
q154larz1o39,VIVA,si,si,si,4,exito,,2026-09-25 21:47:08.846568
q4xxe52qhi74a6,VIVA,si,si,si,3,fallido,❌ @q4xxe52qhi74a6: motivo 'sensitive' no encontrado entre las opciones VISIBLES del reporte de post: ,2026-09-25 21:49:50.971723
q4ztgj2326k7,VIVA,si,si,si,2,fallido,❌ @q4ztgj2326k7: motivo 'sensitive' no encontrado entre las opciones VISIBLES del reporte de post: ,2026-09-25 21:49:13.227639
q5qc1z0h43b5n,VIVA,si,si,si,1,exito,,2026-09-25 21:47:25.141969
q6he7z3ar2l6k5c,VIVA,si,si,si,1,exito,,2026-09-25 21:50:03.861775
q996oiz9gn38,VIVA,si,si,si,3,fallido,❌ @q996oiz9gn38: pagina de error de X (interstitial) al abrir el post (url=https://x.com/SweetyyMauu69/status/2073413321114460472?s=20 title,2026-09-25 21:50:43.172655
q9w60mj6n5cs6,VIVA,si,si,si,1,fallido,❌ @q9w60mj6n5cs6: motivo 'sensitive' no encontrado entre las opciones VISIBLES del reporte de post: ,2026-09-25 21:47:43.524449
qa637q661,VIVA,si,si,si,1,fallido,❌ @qa637q661: motivo 'sensitive' no encontrado entre las opciones VISIBLES del reporte de post: ,2026-09-25 21:51:07.823664
qfd84n7dn7jsn97,VIVA,si,si,si,1,fallido,❌ @qfd84n7dn7jsn97: motivo 'sensitive' no encontrado entre las opciones VISIBLES del reporte de post: ,2026-09-25 21:51:22.466700
qkha5atd85784nl,VIVA,si,si,si,1,fallido,❌ @qkha5atd85784nl: motivo 'sensitive' no encontrado entre las opciones VISIBLES del reporte de post: ,2026-09-25 21:48:04.316660
r413v757,VIVA,si,si,si,1,exito,,2026-09-25 21:51:39.899433
r5n5qe82h7u5q,SIN_CONFIRMAR,no,si,si,1,fallido,❌ @r5n5qe82h7u5q: X pidió verificación anti-bot (Cloudflare); sesión no confirmada,2026-09-25 21:51:29.587818
r8k6xqg6o35ck3,VIVA,si,si,si,3,exito,,2026-09-25 21:48:46.281925
ramraida3,VIVA,si,si,no,1,exito,,2026-09-25 21:51:53.680504
rg72d1e4t65,VIVA,si,si,si,1,fallido,❌ @rg72d1e4t65: X pidió verificación anti-bot (Cloudflare); sesión no confirmada,2026-09-25 21:51:41.786369
rgn47m6oye06wk3,VIVA,si,si,si,1,exito,,2026-09-25 21:49:15.994305
rird24d4jt29z9,VIVA,si,si,si,1,fallido,❌ @rird24d4jt29z9: motivo 'sensitive' no encontrado entre las opciones VISIBLES del reporte de post: ,2026-09-25 21:52:38.319119
rire0e7msq792f0,VIVA,si,si,si,1,exito,,2026-09-25 21:51:56.374968
rittahc,VIVA,si,si,si,1,exito,,2026-09-25 21:49:31.777922
rivercatzac,VIVA,si,si,si,4,fallido,❌ @rivercatzac: motivo 'sensitive' no encontrado entre las opciones VISIBLES del reporte de post: ,2026-09-25 21:53:00.602550
rm567aq483,SIN_CONFIRMAR,no,si,si,4,fallido,❌ @rm567aq483: X pidió verificación anti-bot (Cloudflare); sesión no confirmada,2026-09-25 21:52:09.386504
RogerObsta,VIVA,si,si,si,1,exito,,2026-09-25 21:49:45.121985
rutamovimiento,VIVA,si,si,si,1,fallido,❌ @rutamovimiento: motivo 'sensitive' no encontrado entre las opciones VISIBLES del reporte de post: ,2026-09-25 21:53:23.602466
rw234g462,VIVA,si,si,si,1,fallido,❌ @rw234g462: motivo 'sensitive' no encontrado entre las opciones VISIBLES del reporte de post: ,2026-09-25 21:52:48.607447
s634956i,VIVA,si,si,si,1,fallido,❌ @s634956i: motivo 'sensitive' no encontrado entre las opciones VISIBLES del reporte de post: ,2026-09-25 21:50:11.132420
s6g88l872,VIVA,si,si,si,1,fallido,❌ @s6g88l872: motivo 'sensitive' no encontrado entre las opciones VISIBLES del reporte de post: ,2026-09-25 21:53:48.933468
Samia_lovesyou,SIN_DATOS,no,si,no,0,,,
shanyilahart1,VIVA,si,si,si,1,fallido,❌ @shanyilahart1: motivo 'sensitive' no encontrado entre las opciones VISIBLES del reporte de post: ,2026-09-25 21:50:34.261666
Shiba_KaienLv,VIVA,si,si,si,1,exito,,2026-09-25 21:54:03.396867
sir_portugal,SIN_DATOS,no,si,si,0,,,
sjw758401,VIVA,si,si,si,1,fallido,❌ @sjw758401: motivo 'sensitive' no encontrado entre las opciones VISIBLES del reporte de post: ,2026-09-25 21:51:00.447849
smoeu12q92ij3b0,VIVA,si,si,si,1,fallido,❌ @smoeu12q92ij3b0: motivo 'sensitive' no encontrado entre las opciones VISIBLES del reporte de post: ,2026-09-25 21:54:34.050044
sn642ct67z2,VIVA,si,si,si,3,fallido,❌ @sn642ct67z2: motivo 'sensitive' no encontrado entre las opciones VISIBLES del reporte de post: ,2026-09-25 21:53:35.257937
snoppita_08,VIVA,si,si,si,1,fallido,❌ @snoppita_08: motivo 'sensitive' no encontrado entre las opciones VISIBLES del reporte de post: ,2026-09-25 21:51:54.003375
SoLikeShady,SIN_DATOS,no,si,no,0,,,
soynaranjayque,VIVA,si,si,si,1,fallido,❌ @soynaranjayque: motivo 'sensitive' no encontrado entre las opciones VISIBLES del reporte de post: ,2026-09-25 21:54:26.505902
SundayVandy,VIVA,si,si,si,1,fallido,❌ @SundayVandy: motivo 'sensitive' no encontrado entre las opciones VISIBLES del reporte de post: ,2026-09-25 21:52:16.784585
suomi1994,VIVA,si,si,no,1,fallido,❌ @suomi1994: no se encontro la opcion de reporte del post en el menu (handle=''); opciones visibles: متابعة SweetyyMauu69@; إضافة/إزالة من ,2026-09-25 21:54:50.435915
sur5076s8ns8,VIVA,si,si,si,0,,,
syc779494k,VIVA,si,si,si,3,exito,,2026-09-25 21:52:31.247124
sz23nvkq2yv8o54,SIN_DATOS,no,si,si,0,,,
t5dg3369frfhck4,VIVA,si,si,si,0,,,
t75653b0,VIVA,si,si,si,1,fallido,❌ @t75653b0: motivo 'sensitive' no encontrado entre las opciones VISIBLES del reporte de post: ,2026-09-25 21:52:52.396456
t83f92p66,VIVA,si,si,si,0,,,
tde2rx5p0801,VIVA,si,si,si,0,,,
thatboytraviss,VIVA,si,si,si,4,fallido,❌ @thatboytraviss: motivo 'sensitive' no encontrado entre las opciones VISIBLES del reporte de post: ,2026-09-25 21:53:36.535814
tinnietinka,SIN_DATOS,no,si,no,0,,,
tqg2447ng42,VIVA,si,si,si,3,fallido,❌ @tqg2447ng42: no se encontro el tweet a reportar (url=https://x.com/FerminEste99280/status/2103547471616151860?s=20 title=(1) Fermin Estev,2026-09-25 20:21:06.933579
tr0w6g4xye581,SIN_CONFIRMAR,no,si,si,1,fallido,❌ @tr0w6g4xye581: X pidió verificación anti-bot (Cloudflare); sesión no confirmada,2026-09-25 21:53:43.688204
trc9529iy46,VIVA,si,si,si,0,,,
TrillSavageee,VIVA,si,si,si,3,exito,,2026-09-25 20:23:52.308891
TTweetyondeck,VIVA,si,si,no,1,fallido,❌ @TTweetyondeck: motivo 'sensitive' no encontrado entre las opciones VISIBLES del reporte de post: ,2026-09-25 21:54:25.223462
u15ioek6hx0ml22,VIVA,si,si,si,0,,,
V_nappyboi,SIN_DATOS,no,si,si,0,,,
v4hyj91512k,VIVA,si,si,si,0,,,
v5n227bo9w9e,VIVA,si,si,si,1,fallido,❌ @v5n227bo9w9e: motivo 'sensitive' no encontrado entre las opciones VISIBLES del reporte de post: ,2026-09-25 21:54:50.171279
v84768h3pex,SIN_DATOS,no,si,si,0,,,
vecinosconfi,VIVA,si,si,si,0,,,
VecinosEnMovi,VIVA,si,si,si,0,,,
vgq3u42g785,VIVA,si,si,si,0,,,
vh4ub86nm6yx03,SIN_DATOS,no,si,si,0,,,
vree2h5gxj2143,VIVA,si,si,si,0,,,
w0sf0jy6h872,SIN_DATOS,no,si,si,0,,,
w6581gz30,CADUCADA,si,si,si,2,fallido,❌ @w6581gz30: X no emitió ct0 (auth_token inválido o sesión bloqueada),2026-09-25 20:04:45.989497
w6cku04fv56r8t,SIN_DATOS,no,si,si,0,,,
wa5oo1hz1573,SIN_DATOS,no,si,si,0,,,
wbet4v07257,CADUCADA,no,si,si,2,fallido,❌ @wbet4v07257: X no emitió ct0 (auth_token inválido o sesión bloqueada),2026-09-25 20:05:01.915384
wi06ur0z2i96v,CADUCADA,no,si,si,2,fallido,❌ @wi06ur0z2i96v: X no emitió ct0 (auth_token inválido o sesión bloqueada),2026-09-25 20:06:43.101614
wquz38uet0o38t8,CADUCADA,no,si,si,2,fallido,❌ @wquz38uet0o38t8: X no emitió ct0 (auth_token inválido o sesión bloqueada),2026-09-25 20:05:14.471167
x4yvute3q4p879,VIVA,si,si,si,0,,,
xmarksthespotOO,VIVA,si,si,si,3,fallido,❌ @xmarksthespotOO: no se encontro el tweet a reportar (url=https://x.com/FerminEste99280/status/2103547471616151860?s=20 title=Fermin Estev,2026-09-25 20:22:55.113414
xo361i4n8v4,SIN_DATOS,no,si,si,0,,,
xxcwoc9n9o7526,VIVA,si,si,si,0,,,
y31q3292,VIVA,si,si,si,0,,,
yej571q680,VIVA,si,si,si,3,fallido,❌ @yej571q680: motivo 'spam' no encontrado entre las opciones VISIBLES del reporte de post: ,2026-09-25 20:19:50.212874
ygsn2551bson86,VIVA,si,si,si,0,,,
yungbillyz,SIN_DATOS,no,si,si,0,,,
z0v9316qo7m,CADUCADA,no,si,si,2,fallido,❌ @z0v9316qo7m: X no emitió ct0 (auth_token inválido o sesión bloqueada),2026-09-25 20:06:13.656490
z1f04273,VIVA,si,si,si,0,,,
z39k9tu8a57o,SIN_DATOS,no,si,si,0,,,
z41ym9s9m2he6om,VIVA,si,si,si,0,,,
z60nxo199mp5,VIVA,si,si,si,0,,,
zgj3f8mjv01u73,VIVA,si,si,si,0,,,
zk815242,CADUCADA,no,si,si,2,fallido,❌ @zk815242: X no emitió ct0 (auth_token inválido o sesión bloqueada),2026-09-25 20:05:07.776740
zv6121kp31,SIN_DATOS,no,si,si,0,,,
ZwetevdsHome,SIN_DATOS,no,si,si,0,,,
